City,Country,Date,Lattitude,Longitude,Cloudiness,Humidity,Max Temperature,Wind Speed
Bredasdorp,ZA,1644118454,-34.5322,20.0403,64,95,20.16,2.36
Constitución,CL,1644118736,-35.3333,-72.4167,0,64,16.6,3.67
Albany,US,1644118738,42.6001,-73.9662,5,76,-12.03,2.02
Freeport,US,1644118457,40.6576,-73.5832,0,63,-5.55,0.89
Hilo,US,1644118740,19.7297,-155.09,20,77,24.85,3.09
Punta Arenas,CL,1644118742,-53.15,-70.9167,40,58,12.06,3.6
Bowen,AU,1644118743,-20.0167,148.2333,22,63,28.12,7.79
Cidreira,BR,1644118745,-30.1811,-50.2056,89,90,22.74,2.69
Hobart,AU,1644118612,-42.8794,147.3294,20,43,25.01,0.45
Tuktoyaktuk,CA,1644118747,69.4541,-133.0374,0,75,-35.0,4.12
Walvis Bay,NA,1644118749,-22.9575,14.5053,97,88,19.53,1.54
Lunenburg,CA,1644118750,44.3835,-64.3155,96,81,-9.0,7.41
Hong Kong,HK,1644118729,22.2855,114.1577,99,76,18.87,1.34
Vallenar,CL,1644118753,-28.5708,-70.7581,0,54,21.26,0.66
Vaini,TO,1644118755,-21.2,-175.2,100,89,26.09,6.69
Saskylakh,RU,1644118492,71.9167,114.0833,98,100,-33.44,1.22
Nikolskoye,RU,1644118759,59.7035,30.7861,100,97,-2.38,2.11
Ponta do Sol,PT,1644118760,32.6667,-17.1,56,53,18.96,5.79
Barrow,US,1644118562,71.2906,-156.7887,0,69,-28.99,4.63
Lokoja,NG,1644118763,7.8024,6.743,2,21,22.37,1.58
Buraidah,SA,1644118764,26.326,43.975,0,55,6.25,2.59
Cape Town,ZA,1644118739,-33.9258,18.4232,0,73,21.73,0.45
Nuuk,GL,1644118767,64.1835,-51.7216,100,85,-13.66,3.09
Banjarmasin,ID,1644118769,-3.3244,114.591,94,57,29.08,1.81
Vila Velha,BR,1644118770,-20.3297,-40.2925,0,85,24.97,0.45
Saint George,US,1644118772,37.1041,-113.5841,0,29,9.08,0.89
Butaritari,KI,1644118774,3.0707,172.7902,95,75,28.22,7.6
Boende,CD,1644118775,-0.2167,20.8667,87,78,20.77,0.55
Rikitea,PF,1644118776,-23.1203,-134.9692,91,69,26.31,6.69
Kapaa,US,1644118778,22.0752,-159.319,0,73,25.99,0.89
Ushuaia,AR,1644118693,-54.8,-68.3,20,57,9.81,8.23
Port Hawkesbury,CA,1644118780,45.6169,-61.3485,100,86,-7.12,10.8
Torbay,CA,1644118533,47.6666,-52.7314,100,94,5.98,5.66
Avarua,CK,1644118783,-21.2078,-159.775,40,74,28.03,6.69
Marivan,IR,1644118784,35.5219,46.176,99,97,-1.49,1.64
Hermanus,ZA,1644118786,-34.4187,19.2345,73,85,21.61,3.75
Kahului,US,1644118787,20.8947,-156.47,0,71,26.01,7.2
Chokurdakh,RU,1644118496,70.6333,147.9167,100,100,-35.72,1.12
Provideniya,RU,1644118793,64.3833,-173.3,0,77,-19.76,5.61
Honiara,SB,1644118795,-9.4333,159.95,76,71,30.16,3.51
Inzhavino,RU,1644118797,52.3185,42.4937,70,100,-22.43,1.62
Nadym,RU,1644118798,65.5333,72.5167,100,100,-29.21,0.78
Bairiki Village,KI,1644118567,1.3292,172.9752,20,70,31.0,5.14
Busselton,AU,1644118575,-33.65,115.3333,86,62,23.91,5.3
Oranjestad,AW,1644118633,12.524,-70.027,20,69,25.97,6.17
Opuwo,NA,1644118803,-18.0607,13.84,97,57,17.17,0.58
Sawtell,AU,1644118807,-30.3833,153.1,75,67,25.18,9.26
Gijang,KR,1644118809,35.2442,129.2139,100,38,2.85,6.08
Inhambane,MZ,1644118557,-23.865,35.3833,59,84,24.78,7.16
Arraial do Cabo,BR,1644118812,-22.9661,-42.0278,77,88,24.5,11.35
Kavieng,PG,1644118572,-2.5744,150.7967,100,74,28.69,3.77
Dikson,RU,1644118815,73.5069,80.5464,99,100,-29.99,2.03
Bambous Virieux,MU,1644118816,-20.3428,57.7575,75,83,27.34,5.66
Bilma,NE,1644118818,18.6853,12.9164,0,22,12.56,3.74
Tuatapere,NZ,1644118819,-46.1333,167.6833,25,48,14.34,3.57
Lüderitz,NA,1644118821,-26.6481,15.1594,87,82,18.95,2.23
Mataura,NZ,1644118822,-46.1927,168.8643,11,38,14.15,2.25
Marabu,MY,1644118824,4.4148,114.0089,40,70,31.08,1.54
Chicomuselo,MX,1644118825,15.7667,-92.2667,93,83,17.36,0.19
Saldanha,ZA,1644118827,-33.0117,17.9442,64,76,16.03,2.75
Muhoroni,KE,1644118828,-0.1541,35.1988,100,88,16.73,1.32
Agadez,NE,1644118830,19.75,10.25,0,29,10.75,1.17
Port Elizabeth,ZA,1644118831,-33.918,25.5701,20,88,20.05,6.69
Tilichiki,RU,1644118832,60.4667,166.1,2,78,-20.2,3.94
Chui,UY,1644118834,-33.6971,-53.4616,17,93,16.68,3.51
Hualmay,PE,1644118836,-11.0964,-77.6139,100,83,20.94,3.62
Moerai,PF,1644118837,-22.4333,-151.3333,96,76,26.49,6.71
Hasaki,JP,1644118839,35.7333,140.8333,1,27,7.94,6.8
Shenjiamen,CN,1644118841,29.9576,122.298,90,57,6.21,4.39
Cabedelo,BR,1644118843,-6.9811,-34.8339,68,73,25.37,3.9
Norman Wells,CA,1644118845,65.282,-126.8329,20,69,-29.98,1.54
Cherskiy,RU,1644118846,68.75,161.3,24,99,-34.26,0.87
Kushima,JP,1644118851,31.4583,131.2333,67,44,9.02,5.89
Flin Flon,CA,1644118852,54.7682,-101.865,100,98,-19.6,1.83
Mapimí,MX,1644118854,25.8167,-103.85,48,49,10.43,0.11
Epe,NG,1644118855,6.5841,3.9834,8,94,22.37,0.68
Den Helder,NL,1644118857,52.9599,4.7593,100,93,8.99,13.86
Muntilan,ID,1644118858,-7.5811,110.2928,42,67,29.85,2.0
New Norfolk,AU,1644118860,-42.7826,147.0587,0,34,24.81,1.34
Bousso,TD,1644118862,10.4795,16.7117,25,19,17.89,2.85
Tasiilaq,GL,1644118864,65.6145,-37.6368,96,58,-9.91,3.02
Tiksi,RU,1644118866,71.6872,128.8694,99,98,-30.43,2.55
Souillac,MU,1644118868,-20.5167,57.5167,75,83,27.42,5.66
Quatre Cocos,MU,1644118869,-20.2078,57.7625,100,79,27.27,6.32
Puerto Ayora,EC,1644118870,-0.7393,-90.3518,33,92,24.19,1.79
Ust-Nera,RU,1644118873,64.5667,143.2,48,77,-23.98,0.9
Bluff,NZ,1644118874,-46.6,168.3333,7,58,14.33,5.5
Saint-François,FR,1644118876,46.4154,3.9054,0,86,3.01,3.09
Verkhnyaya Inta,RU,1644118877,65.9811,60.3094,73,92,-22.96,1.24
Hobyo,SO,1644118879,5.3505,48.5268,15,70,24.39,5.93
Lebu,CL,1644118880,-37.6167,-73.65,0,85,14.29,7.03
Hambantota,LK,1644118882,6.1241,81.1185,20,74,27.19,4.63
Avera,US,1644118690,33.194,-82.5271,0,44,4.84,5.32
Piura,PE,1644118885,-5.2,-80.6333,48,70,22.73,4.71
Yangi Marg`ilon,UZ,1644118886,40.4272,71.7189,100,32,3.68,4.12
Yellowknife,CA,1644118888,62.456,-114.3525,0,86,-26.99,4.12
Herat Province,AF,1644118889,34.5,62.0,2,72,5.85,1.19
Khunzakh,RU,1644118891,42.5394,46.705,0,67,-12.38,2.87
George Town,MY,1644118775,5.4112,100.3354,20,76,29.96,0.45
Mariehamn,AX,1644118894,60.0973,19.9348,100,93,1.92,9.77
Ribeira Grande,PT,1644118895,38.5167,-28.7,3,75,15.32,5.71
Puerto Ayacucho,VE,1644118644,5.6639,-67.6236,85,77,25.19,1.57
Peniche,PT,1644118898,39.3558,-9.3811,0,74,11.16,5.52
Margate,GB,1644118621,51.3813,1.3862,100,78,10.17,4.02
San Rafael,AR,1644118901,-34.6177,-68.3301,4,62,15.52,2.52
Lar,IN,1644118902,26.2039,83.9717,0,68,14.97,2.07
Severo-Kuril'sk,RU,1644118905,50.6789,156.125,81,77,-1.27,7.07
Deputatsky,RU,1644118887,69.3,139.9,97,97,-33.72,1.45
Solnechnyy,RU,1644118908,50.7214,136.6319,100,87,-12.71,1.35
Madimba,TZ,1644118909,-10.4,40.3333,100,86,24.14,4.31
Tajumulco,GT,1644118911,15.0833,-91.8833,78,84,9.38,3.14
Ayagoz,KZ,1644118914,47.9714,80.4392,1,77,-14.29,4.38
Ahipara,NZ,1644118916,-35.1667,173.1667,100,91,23.06,1.53
Port Lincoln,AU,1644118646,-34.7333,135.8667,6,45,26.1,8.58
Anzio,IT,1644118918,41.4853,12.6179,100,74,11.84,1.48
Airai,TL,1644118921,-8.9266,125.4092,64,68,22.86,1.43
Rosarito,MX,1644118922,32.3333,-117.0333,2,34,15.79,2.59
Vikhorevka,RU,1644118923,56.1201,101.1636,100,89,-7.23,4.41
Khatanga,RU,1644118925,71.9667,102.5,99,98,-29.59,2.98
Suntar,RU,1644118926,62.1444,117.6319,97,92,-13.81,2.36
Jiutepec,MX,1644118929,18.8667,-99.1833,53,43,21.75,1.51
Alofi,NU,1644118930,-19.0595,-169.9187,100,100,21.94,2.06
Emerald,AU,1644118748,-23.5333,148.1667,40,30,31.08,5.66
Sambava,MG,1644118932,-14.2667,50.1667,73,82,24.5,1.68
Ţahţā,EG,1644118934,26.7693,31.5021,0,65,6.06,3.65
Malpe,IN,1644118935,13.35,74.7167,84,59,24.61,1.06
Saint-Philippe,RE,1644118937,-21.3585,55.7679,99,84,26.77,8.93
Valparaíso,CL,1644118938,-33.0393,-71.6273,0,79,19.71,3.6
Cabo San Lucas,MX,1644118939,22.8909,-109.9124,10,54,19.17,1.34
Praia,CV,1644118941,14.9215,-23.5087,0,78,21.3,6.69
Sayyan,YE,1644118942,15.1718,44.3244,79,61,11.23,2.07
Hithadhoo,MV,1644118645,-0.6,73.0833,6,73,27.77,4.13
Constantine,DZ,1644118945,36.365,6.6147,0,93,4.67,0.51
Egvekinot,RU,1644118946,66.3167,-179.1667,6,87,-23.92,4.63
Morant Bay,JM,1644118948,17.8815,-76.4093,19,65,24.79,3.5
Atherton,GB,1644118917,53.5237,-2.4935,100,89,9.75,2.24
Lagoa,PT,1644118950,39.05,-27.9833,3,76,14.79,7.07
Bereda,ES,1644118952,43.2686,-7.5406,67,97,2.45,0.28
Te Anau,NZ,1644118953,-45.4167,167.7167,0,39,18.78,2.53
Samarai,PG,1644118955,-10.6167,150.6667,100,72,29.33,4.84
Prince Rupert,CA,1644118806,54.3161,-130.3201,100,53,8.83,11.32
Vanimo,PG,1644118957,-2.6741,141.3028,100,71,29.33,3.79
Araouane,ML,1644118959,18.9048,-3.5265,0,13,15.97,3.72
Itarema,BR,1644118960,-2.9248,-39.9167,7,89,25.14,3.88
Jamestown,US,1644118763,42.097,-79.2353,0,51,-10.16,2.57
Meulaboh,ID,1644118963,4.1363,96.1285,93,65,28.66,2.23
Beringovskiy,RU,1644118964,63.05,179.3167,71,94,-24.17,5.66
Kidal,ML,1644118965,18.4411,1.4078,0,17,14.67,4.44
Olinda,BR,1644118967,-8.0089,-34.8553,40,65,27.85,3.09
Kingaroy,AU,1644118968,-26.5333,151.8333,75,56,23.02,5.66
Fort Nelson,CA,1644118970,58.8053,-122.7002,100,97,-7.97,1.03
Soanierana Ivongo,MG,1644118971,-16.9167,49.5833,100,75,28.01,3.51
Jining,CN,1644118973,35.405,116.5814,100,22,4.53,1.7
Nome,US,1644118974,64.5011,-165.4064,0,65,-18.96,2.57
Westport,US,1644118976,41.1415,-73.3579,0,54,-5.67,3.13
Tual,ID,1644118978,-5.6667,132.75,87,73,28.63,3.81
Pasni,PK,1644118979,25.2631,63.471,3,67,22.21,3.34
Darlawn,IN,1644118981,24.0167,92.9,0,40,12.78,0.58
Zhangye,CN,1644118982,38.9342,100.4517,100,84,-7.2,2.5
Mar del Plata,AR,1644118751,-38.0023,-57.5575,100,75,16.6,2.24
Sibolga,ID,1644118985,1.7427,98.7792,100,77,27.36,1.79
Belyy Yar,RU,1644118986,53.6039,91.3903,69,77,-24.06,0.0
Dukat,RU,1644118989,62.55,155.55,38,69,-23.34,0.9
Soe,ID,1644118991,-9.8607,124.284,59,67,26.65,0.44
Djibo,BF,1644118993,14.1022,-1.6306,0,15,17.41,4.45
Akdepe,TM,1644118995,42.0551,59.3788,100,80,2.05,8.23
Palmer,US,1644118723,42.1584,-72.3287,7,95,-8.25,0.81
Ancud,CL,1644118997,-41.8697,-73.8203,85,88,13.01,1.29
Bethel,US,1644118838,41.3712,-73.414,0,64,-6.64,3.09
San Cristobal,VE,1644119000,7.7669,-72.225,31,92,21.1,0.95
Savannah Bight,HN,1644119002,16.45,-85.85,37,70,25.76,3.24
Atuona,PF,1644119004,-9.8,-139.0333,42,80,25.68,9.78
Iqaluit,CA,1644119005,63.7506,-68.5145,40,68,-36.15,1.54
Baza,ES,1644119007,37.4907,-2.7726,100,85,8.19,1.79
Caravelas,BR,1644119009,-17.7125,-39.2481,13,92,23.64,1.84
Charters Towers,AU,1644118956,-20.1,146.2667,0,34,30.68,4.09
Assiut,EG,1644119011,27.181,31.1837,0,68,6.1,2.66
Buala,SB,1644119013,-8.145,159.5921,90,71,30.15,4.01
Makat,KZ,1644119014,47.6469,53.3463,99,83,-4.26,7.1
Dunedin,NZ,1644119017,-45.8742,170.5036,76,61,14.33,3.58
Castro,BR,1644119018,-24.7911,-50.0119,99,98,17.4,1.72
Beni,CD,1644119020,0.5,29.4667,100,71,17.79,0.55
Bonthe,SL,1644119021,7.5264,-12.505,32,87,23.72,0.43
Andahuaylas,PE,1644119023,-13.6556,-73.3872,100,97,11.24,1.4
Antofagasta,CL,1644118563,-23.65,-70.4,25,76,17.6,1.45
Faanui,PF,1644119007,-16.4833,-151.75,20,76,26.84,8.08
Albox,ES,1644119027,37.3886,-2.1495,91,84,11.25,1.06
Hamilton,US,1644118439,39.1834,-84.5333,0,88,-7.23,0.45
Margherita,IN,1644119030,27.2833,95.6833,39,74,14.71,1.34
Port Alfred,ZA,1644119032,-33.5906,26.891,42,88,21.24,10.64
Isangel,VU,1644119034,-19.55,169.2667,75,84,31.06,6.17
Conakry,GN,1644119035,9.538,-13.6773,38,72,24.92,2.0
City of San Pedro,PH,1644119037,14.35,121.0167,75,61,30.2,4.12
Aklavik,CA,1644119038,68.2191,-135.0107,80,85,-34.54,1.51
East London,ZA,1644119040,-33.0153,27.9116,0,94,19.52,2.57
Thompson,CA,1644119041,55.7435,-97.8558,40,68,-32.91,0.0
Matadi,CD,1644119043,-5.8167,13.45,99,97,22.9,0.43
Longyearbyen,SJ,1644119016,78.2186,15.6401,20,72,-12.09,9.26
Clyde River,CA,1644118891,70.4692,-68.5914,100,68,-34.87,2.57
Halifax,CA,1644118437,44.6453,-63.5724,41,82,-9.0,2.68
Hofn,IS,1644119049,64.2539,-15.2082,100,69,-0.3,8.85
Nanortalik,GL,1644119050,60.1432,-45.2371,100,59,-12.33,6.02
Listvyagi,RU,1644119053,53.6772,86.951,96,93,-11.58,0.82
Ous,RU,1644119054,60.9058,61.5186,93,98,-15.53,2.31
Upernavik,GL,1644119056,72.7868,-56.1549,100,98,-18.66,1.64
Bukachacha,RU,1644119057,52.9833,116.9167,6,67,-12.41,1.04
Berea,US,1644119059,41.3662,-81.8543,0,79,-7.41,3.09
Praia da Vitória,PT,1644118969,38.7333,-27.0667,75,94,14.14,6.72
Lorengau,PG,1644119061,-2.0226,147.2712,100,72,28.77,4.16
Pevek,RU,1644119063,69.7008,170.3133,28,99,-32.77,1.11
Sinnamary,GF,1644119064,5.3833,-52.95,100,89,24.83,3.83
Kaitangata,NZ,1644119066,-46.2817,169.8464,34,58,13.29,3.37
Qaanaaq,GL,1644119067,77.484,-69.3632,100,97,-18.86,1.17
Mawlaik,MM,1644119069,23.6333,94.4167,3,39,22.22,1.3
Usinsk,RU,1644119070,65.9939,57.5281,98,98,-24.41,2.83
Caucayá,CO,1644119072,-0.1934,-74.7819,53,97,21.93,0.84
Esperance,AU,1644118979,-33.8667,121.9,11,33,35.91,4.31
São Filipe,CV,1644118817,14.8961,-24.4956,0,73,22.47,3.33
Benghazi,LY,1644119077,32.1167,20.0667,13,69,15.12,3.29
Khilok,RU,1644119079,51.3674,110.4676,97,88,-9.15,2.73
Yeppoon,AU,1644119081,-23.1333,150.7333,20,55,28.88,9.69
Biloela,AU,1644119082,-24.4167,150.5,5,30,30.97,7.71
Tuy Hoa,VN,1644119084,13.0833,109.3,100,92,22.94,5.67
Rizhao,CN,1644119086,35.4275,119.4553,98,22,3.81,1.76
Laramie,US,1644119087,41.3114,-105.5911,100,74,-2.27,8.23
Shiyan,CN,1644119089,32.6475,110.7781,99,45,3.67,4.51
Roura,GF,1644119090,4.7263,-52.3274,75,88,26.65,1.54
Leningradskiy,RU,1644119094,69.3833,178.4167,15,97,-30.08,1.42
Monrovia,LR,1644118944,6.3005,-10.7969,10,84,25.63,1.48
Örnsköldsvik,SE,1644119097,63.2909,18.7153,92,98,-0.44,5.83
Salalah,OM,1644118867,17.0151,54.0924,40,73,22.05,2.06
Popondetta,PG,1644119099,-8.7537,148.2534,100,63,31.04,2.0
Coos Bay,US,1644119100,43.3665,-124.2179,0,96,8.41,0.0
Kibre Mengist,ET,1644119102,5.8833,38.9833,74,50,11.68,1.2
Angoulême,FR,1644119104,45.65,0.15,100,91,4.18,1.54
Nabire,ID,1644119106,-3.3667,135.4833,100,64,30.01,3.2
Shache,CN,1644119108,38.4167,77.2406,92,53,-2.01,2.02
Hopelchén,MX,1644119109,19.7667,-89.85,78,83,20.76,2.14
Rawson,AR,1644119111,-43.3002,-65.1023,75,57,15.43,4.94
Koumac,NC,1644119112,-20.5667,164.2833,100,93,25.4,2.4
Chingirlau,KZ,1644119114,51.095,54.0814,99,97,-8.24,1.43
Touros,BR,1644119115,-5.1989,-35.4608,35,72,25.5,4.2
Mahébourg,MU,1644119117,-20.4081,57.7,75,83,27.36,5.66
Townsville,AU,1644119118,-19.25,146.8,40,58,29.49,5.66
Waipawa,NZ,1644119120,-41.4122,175.5153,100,89,12.47,5.82
Serov,RU,1644119122,59.6033,60.5787,100,95,-11.45,3.24
Ponta Delgada,PT,1644119124,37.7333,-25.6667,20,88,15.83,8.23
Inírida,CO,1644119125,3.8653,-67.9239,79,94,23.1,1.43
Lucea,JM,1644119129,18.451,-78.1736,5,65,23.92,4.52
Husavik,IS,1644119131,66.0449,-17.3389,100,87,-1.05,9.1
Uvinza,TZ,1644119132,-5.1036,30.3911,96,95,17.16,0.07
Henties Bay,NA,1644119134,-22.116,14.2845,96,78,19.36,2.04
Mwinilunga,ZM,1644119135,-11.7358,24.4293,100,98,15.16,1.74
Batemans Bay,AU,1644119138,-35.7167,150.1833,43,56,22.89,5.28
Yantal',RU,1644119140,56.8471,105.2542,100,90,-6.46,5.0
Chāmpa,IN,1644119141,22.05,82.65,5,26,19.16,1.33
Alexandria,EG,1644119144,31.2156,29.9553,40,87,11.98,2.06
Hvide Sande,DK,1644119146,56.0045,8.1294,93,81,5.16,9.74
Beidao,CN,1644119147,34.5686,105.8933,100,72,-1.91,1.61
Patti,IN,1644119149,31.2808,74.8572,36,73,8.04,0.84
Mossamedes,AO,1644118884,-15.1961,12.1522,92,68,21.98,3.6
Dinguiraye,GN,1644119151,11.3,-10.7167,9,17,20.02,0.69
Lincoln,US,1644119103,40.8,-96.667,0,53,4.05,1.34
Saint Paul Harbor,US,1644119154,57.79,-152.4072,100,87,3.73,5.66
Crişan,RO,1644119156,44.9667,29.4667,11,85,1.42,3.52
Lompoc,US,1644119026,34.6391,-120.4579,0,74,14.23,0.0
Borovoy,RU,1644119158,55.4333,86.0833,0,57,-8.4,2.0
Chipinge,ZW,1644119160,-20.1883,32.6236,82,96,16.03,1.72
Santarém,BR,1644119162,-2.4431,-54.7083,40,100,24.07,2.06
Porto-Novo,BJ,1644119163,6.4965,2.6036,3,91,26.9,1.24
Médéa,DZ,1644119165,36.2642,2.7539,36,77,1.25,0.85
Cumanayagua,CU,1644119166,22.1494,-80.2022,1,90,18.86,2.76
Cap Malheureux,MU,1644119168,-19.9842,57.6142,100,75,27.48,5.36
Lavrentiya,RU,1644119169,65.5833,-171.0,27,95,-27.13,4.92
Manisa Province,TR,1644119170,38.8333,28.1667,96,53,1.32,1.15
Cuiluan,CN,1644119172,47.72,128.648,99,77,-13.36,4.16
Flinders,AU,1644119084,-34.5833,150.8552,88,60,24.54,5.36
Roebourne,AU,1644119175,-20.7833,117.1333,78,53,33.59,6.42
Letlhakane,BW,1644119176,-21.4167,25.5833,10,75,18.55,6.28
Manaus,BR,1644119007,-3.1019,-60.025,40,83,27.27,1.54
Tete,MZ,1644119179,-16.1564,33.5867,11,97,20.8,0.8
Weligama,LK,1644119180,5.9667,80.4167,42,65,27.62,2.56
Saurimo,AO,1644119182,-9.6608,20.3916,96,95,16.03,1.36
Banda Aceh,ID,1644119183,5.5577,95.3222,94,63,28.89,1.91
Salinas,US,1644118901,36.6777,-121.6555,0,52,14.05,1.54
Concarneau,FR,1644119186,47.875,-3.9225,99,85,11.01,9.1
Santa Rosa,PH,1644118905,14.3122,121.1114,95,63,30.62,8.35
Hay River,CA,1644119120,60.8156,-115.7999,40,84,-24.02,2.06
Grindavik,IS,1644119191,63.8424,-22.4338,75,80,-0.03,8.75
Ovalle,CL,1644118752,-30.5983,-71.2003,0,55,21.97,1.13
Kâhta,TR,1644119193,37.7855,38.6237,3,61,-0.35,1.06
San Patricio,US,1644119195,28.017,-97.5169,0,64,7.13,2.61
Pitkyaranta,RU,1644119198,61.5734,31.4792,100,95,-6.04,5.33
Māngrol,IN,1644119199,21.1167,70.1167,1,66,19.79,2.4
Tabas,IR,1644119201,33.5959,56.9244,0,55,7.61,1.31
São João da Barra,BR,1644119202,-21.6403,-41.0511,1,86,24.58,8.94
Bull Savanna,JM,1644119204,17.8868,-77.5902,6,63,20.5,2.91
Ixtapa,MX,1644118944,20.7,-105.2,20,73,22.57,2.06
Karasjok,NO,1644119207,69.4719,25.5112,100,92,-2.94,7.05
Vardø,NO,1644119208,70.3705,31.1107,100,79,-2.79,12.65
Taltal,CL,1644119209,-25.4,-70.4833,15,79,19.47,1.02
Roald,NO,1644119211,62.5833,6.1333,96,87,2.78,12.86
Grand Gaube,MU,1644119212,-20.0064,57.6608,100,75,27.43,5.36
Trzebiatów,PL,1644119214,54.0615,15.2648,100,96,4.92,11.74
Jiexiu,CN,1644119215,37.0244,111.9125,100,35,-1.05,1.66
Paita,PE,1644119217,-5.0892,-81.1144,24,81,21.76,3.83
Lidköping,SE,1644119220,58.5052,13.1577,96,78,3.29,7.43
Guerrero Negro,MX,1644119221,27.9769,-114.0611,0,57,15.9,5.51
Tomatlán,MX,1644119223,19.9333,-105.25,92,88,19.31,0.52
Alberton,CA,1644119224,46.8168,-64.0654,70,82,-11.05,8.05
Ulaangom,MN,1644119226,49.9811,92.0667,96,98,-28.19,1.47
Pitanga,BR,1644119227,-24.7572,-51.7614,100,99,17.07,1.46
Saint-Leu,RE,1644119229,-21.15,55.2833,100,76,26.48,1.87
Hue,VN,1644119156,16.4667,107.6,75,83,20.06,2.57
Skibbereen,IE,1644119231,51.55,-9.2667,100,83,11.73,14.14
Izumo,JP,1644119233,35.3667,132.7667,75,65,3.94,8.75
Babylon,US,1644119064,40.6957,-73.3257,0,64,-5.54,2.68
Petukhovo,RU,1644119235,55.0692,67.9019,100,80,-11.78,3.55
Praia,CV,1644119237,14.9215,-23.5087,0,78,21.3,6.69
Altus,US,1644119238,34.6381,-99.334,0,74,2.73,4.12
Cayenne,GF,1644119239,4.9333,-52.3333,75,85,26.72,2.68
Aksarka,RU,1644119241,66.5606,67.7975,73,100,-29.95,1.61
Torit,SS,1644119242,4.4133,32.5678,100,27,22.91,0.68
Bennington,US,1644119244,42.8781,-73.1968,0,85,-12.1,2.06
Biak,ID,1644119245,-0.9131,122.8766,76,71,28.59,0.79
Methóni,GR,1644119247,36.8197,21.7049,39,83,11.23,2.1
Pangnirtung,CA,1644119248,66.1451,-65.7125,100,93,-36.64,2.76
Ballitoville,ZA,1644119250,-29.539,31.2144,75,88,21.2,2.06
Senneterre,CA,1644119251,48.3835,-77.2328,100,93,-21.88,2.27
Taree,AU,1644119253,-31.9,152.4667,75,88,24.76,4.63
Mayo,US,1644119255,38.8876,-76.5119,0,59,-2.03,1.79
Qorveh,IR,1644119257,35.1664,47.8045,43,90,-5.38,2.26
Hirado,JP,1644119259,33.3597,129.5531,58,52,5.64,6.61
Faya,SA,1644119260,18.3851,42.4509,0,74,9.29,1.54
Medina del Campo,ES,1644119263,41.3124,-4.9141,1,83,-0.72,1.7
Tucuruí,BR,1644119264,-3.7661,-49.6725,100,97,22.89,1.32
Mount Gambier,AU,1644119266,-37.8333,140.7667,40,20,29.95,6.17
Aksu,CN,1644119268,41.1231,80.2644,94,71,-3.91,3.1
Yabrūd,SY,1644119269,33.9674,36.6574,19,78,-5.19,1.11
Gisborne,NZ,1644119255,-38.6533,178.0042,100,94,18.3,1.59
Taraclia,MD,1644119272,45.9,28.6689,2,84,0.35,2.87
Chifeng,CN,1644119273,42.2683,118.9636,0,41,-4.98,5.99
Palpa,PE,1644119275,-14.5336,-75.1856,50,72,22.27,0.99
Boundiali,CI,1644119209,9.5217,-6.4869,7,19,19.74,0.98
Severodvinsk,RU,1644119278,64.5635,39.8302,57,89,-15.94,6.0
Carnarvon,AU,1644119279,-24.8667,113.6333,75,69,28.04,8.75
Outlook,CA,1644119120,51.5001,-107.0513,61,93,-10.17,3.43
Poum,NC,1644119282,-20.2333,164.0167,100,91,26.03,6.13
Lovozero,RU,1644119283,68.005,35.0117,100,93,-11.46,4.64
Ilulissat,GL,1644119285,69.2167,-51.1,100,51,-15.99,6.17
Mlonggo,ID,1644119286,-6.5333,110.7,96,85,30.94,4.69
Vestmannaeyjar,IS,1644119288,63.4427,-20.2734,85,76,-2.7,9.61
Turukhansk,RU,1644119289,65.8167,87.9833,99,99,-25.03,0.49
Katherine,AU,1644119106,-14.4667,132.2667,93,58,32.18,2.06
Fare,PF,1644119293,-16.7,-151.0167,37,74,27.45,8.52
Olafsvik,IS,1644119295,64.8945,-23.7142,98,69,-1.42,12.64
Kieta,PG,1644119296,-6.2167,155.6333,41,68,30.39,4.68
Port Hedland,AU,1644119298,-20.3167,118.5667,73,66,33.03,6.69
Pisco,PE,1644119299,-13.7,-76.2167,0,88,20.03,2.06
Gizo Government Station,SB,1644119300,-8.103,156.8419,100,69,30.17,4.87
Karibib,NA,1644119302,-21.9333,15.8333,99,76,20.59,2.42
Young,UY,1644119303,-32.6833,-57.6333,9,88,17.35,5.08
Yulara,AU,1644119305,-25.2406,130.9889,0,18,30.91,3.09
Birecik,TR,1644119307,37.0294,37.9903,0,58,0.56,2.0
Kapit,MY,1644119309,2.0167,112.9333,100,63,30.69,0.4
Kruisfontein,ZA,1644119310,-34.0033,24.7314,22,95,18.82,3.63
Mercedes,AR,1644119312,-34.6515,-59.4307,5,94,16.58,3.92
Dalbandin,PK,1644119076,28.8947,64.4101,0,52,15.47,2.04
Sisimiut,GL,1644119314,66.9395,-53.6735,100,94,-17.37,3.0
Honningsvåg,NO,1644119316,70.9821,25.9704,68,71,-0.14,15.52
Bathsheba,BB,1644119318,13.2167,-59.5167,40,73,25.34,5.14
Ostrovnoy,RU,1644119319,68.0531,39.5131,100,83,-9.96,12.66
Ola,RU,1644119321,59.5833,151.2833,26,73,-9.92,4.28
Gemeente Wageningen,NL,1644119322,51.9667,5.6667,75,98,8.81,8.75
Makkah al Mukarramah,SA,1644119324,21.4267,39.8261,0,40,15.84,1.81
Ramon,PH,1644119325,16.7842,121.535,96,82,23.59,1.79
Khairāgarh,IN,1644119326,26.95,77.8167,0,61,14.23,1.34
Da Lat,VN,1644119328,11.9465,108.4419,97,72,19.1,2.89
Pulaski,US,1644119330,34.7668,-92.3001,0,75,0.06,0.0
Zhanakorgan,KZ,1644119331,43.9098,67.2495,100,66,4.33,8.25
Exeter,GB,1644119333,50.7236,-3.5275,100,90,10.63,0.45
Zhigansk,RU,1644119334,66.7697,123.3711,100,97,-30.09,2.51
Puerto Madryn,AR,1644119167,-42.7692,-65.0385,75,48,16.36,4.13
Huarmey,PE,1644119337,-10.0681,-78.1522,84,84,21.38,3.63
Xining,CN,1644119338,36.6167,101.7667,100,68,-9.14,1.75
Mount Isa,AU,1644119340,-20.7333,139.5,100,33,31.87,3.6
Santa Helena,BR,1644119342,-2.2311,-45.3,100,98,22.6,0.75
Mezen',RU,1644119343,65.8522,44.24,73,90,-15.2,4.8
Aegviidu,EE,1644119345,59.2858,25.6142,50,97,0.76,3.9
La Ronge,CA,1644119346,55.1001,-105.2842,100,71,-19.86,1.03
Klaksvík,FO,1644119348,62.2266,-6.589,100,74,0.51,8.17
Koslan,RU,1644119349,63.4564,48.8989,18,98,-18.55,3.1
Formosa,AR,1644119194,-26.1775,-58.1781,0,57,23.99,4.63
Paragominas,BR,1644119352,-2.9667,-47.4833,100,99,22.16,1.3
Kaduqli,SD,1644119354,11.0167,29.7167,90,19,16.31,6.21
Kavaratti,IN,1644119355,10.5669,72.642,9,61,25.64,2.51
Russell,US,1644119358,32.3502,-85.1999,0,71,3.78,2.22
Tucurú,GT,1644119359,15.3,-90.0667,89,99,18.5,1.34
Montrose,US,1644119360,38.4166,-108.2673,2,69,-8.45,1.59
Piracuruca,BR,1644119362,-3.9281,-41.7092,100,96,22.7,0.66
Belaya Gora,RU,1644119363,68.5333,146.4167,86,99,-37.26,0.42
Le Port,RE,1644119242,-20.9373,55.2919,100,78,27.0,6.75
Bulgan,MN,1644119366,48.8125,103.5347,15,68,-12.62,0.98
Renqiu,CN,1644119368,38.6989,116.0936,95,23,2.74,2.11
Pacific Grove,US,1644119370,36.6177,-121.9166,0,68,13.87,0.45
Seoul,KR,1644119121,37.5683,126.9778,20,30,1.78,7.2
Beroroha,MG,1644119373,-21.6667,45.1667,100,84,24.2,7.32
Slave Lake,CA,1644119120,55.2834,-114.769,100,86,-6.01,1.03
Nueva Loja,EC,1644119377,0.0847,-76.8828,92,99,21.57,0.76
Jiangyou,CN,1644119378,31.7667,104.7167,100,97,4.06,1.99
Veshenskaya,RU,1644119380,49.6303,41.7334,91,100,-13.28,1.78
Qaqortoq,GL,1644119381,60.7167,-46.0333,100,71,-16.72,2.23
Spasskoye,RU,1644119383,44.6108,132.7969,74,80,-14.21,2.77
Oron,NG,1644119384,4.8256,8.2343,41,89,23.62,1.0
Sokoni,TZ,1644119386,-6.4333,39.55,100,80,26.83,3.08
Namie,JP,1644119387,37.4833,141.0,36,38,5.55,7.92
Lerwick,GB,1644119389,60.1545,-1.1494,89,56,4.0,13.96
Dingle,PH,1644119390,10.9995,122.6711,99,66,28.5,8.56
Tanout,NE,1644119393,14.9709,8.8879,0,18,12.62,6.01
Lata,PT,1644119395,40.1629,-8.3327,0,70,8.92,2.47
Eureka,US,1644119299,40.8021,-124.1637,8,86,8.85,0.63
Elmadağ,TR,1644119397,39.9208,33.2308,49,88,-6.42,1.63
Pedernales,DO,1644119400,18.0384,-71.744,3,69,23.72,1.21
Shirgaon,IN,1644119401,19.7,72.7,9,43,23.01,3.16
Ambon City,ID,1644119403,-3.6954,128.1814,40,62,32.08,5.14
Wahiawā,US,1644119404,21.5028,-158.0236,60,74,25.18,2.2
Shanghai,CN,1644119265,31.2222,121.4581,0,47,5.93,1.34
Balabac,PH,1644119407,7.9868,117.0645,68,80,27.55,10.55
Kurchum,KZ,1644119409,48.5722,83.6542,0,56,-6.41,5.51
Leshukonskoye,RU,1644119249,64.8989,45.7622,21,92,-16.24,3.52
Waitati,NZ,1644119239,-45.75,170.5667,89,61,14.33,2.78
Codrington,AU,1644119235,-38.2667,141.9667,46,46,24.93,8.6
Oga,IT,1644119413,46.4631,10.347,13,36,-2.4,1.23
Yerbogachën,RU,1644119415,61.2767,108.0108,100,92,-10.26,1.82
Yumen,CN,1644119417,40.2833,97.2,100,60,-8.19,8.48
Rock Sound,BS,1644119418,24.9,-76.2,7,78,23.26,5.77
Katsuura,JP,1644119420,35.1333,140.3,43,29,6.06,3.2
Ivybridge,GB,1644119421,50.3904,-3.9191,100,90,11.02,13.91
Broome,US,1644119307,42.2506,-75.833,18,44,-14.35,0.25
Kupang,ID,1644119385,-10.1667,123.5833,77,72,29.18,6.41
Viedma,AR,1644119255,-40.8135,-62.9967,0,68,12.66,2.77
Riviere-au-Renard,CA,1644119426,48.9957,-64.3971,56,81,-15.0,8.53
Bam,IR,1644119224,29.106,58.357,40,39,10.43,3.18
Guiratinga,BR,1644119429,-16.3494,-53.7583,99,90,22.45,0.67
Saint-Joseph,RE,1644119430,-21.3667,55.6167,100,79,26.21,6.94
Idah,NG,1644119432,7.1065,6.7342,4,23,21.96,0.48
San Quintín,MX,1644119433,30.4833,-115.95,0,46,13.52,2.05
Dongsheng,CN,1644119374,39.8161,109.9776,100,36,-7.72,2.17
Misratah,LY,1644119437,32.3754,15.0925,45,56,15.27,2.17
Idar-Oberstein,DE,1644119438,49.7,7.3,100,82,5.9,4.47
Aswān,EG,1644119440,24.0934,32.907,0,57,9.61,4.63
Manono,CD,1644119442,-7.3,27.4167,100,97,19.52,0.61
Kānke,IN,1644119443,23.4333,85.3167,18,72,14.01,2.06
Gimli,CA,1644119445,50.6336,-96.9907,100,78,-14.93,3.09
High Prairie,CA,1644119446,55.4334,-116.4858,100,83,1.61,4.14
Asău,RO,1644119448,46.4333,26.4,30,91,-0.89,3.14
Bintulu,MY,1644119449,3.1667,113.0333,20,83,29.23,1.34
Rock Island,US,1644119241,41.45,-90.5168,0,64,-5.68,4.12
Bon Accord,CA,1644119452,53.8335,-113.4187,43,88,-0.32,4.18
Boyle,US,1644119454,37.6334,-84.8666,0,86,-5.08,0.0
Nishifukuma,JP,1644119456,33.7667,130.4667,40,48,5.58,7.1
Chapada dos Guimarães,BR,1644119458,-15.4606,-55.7497,99,92,22.81,1.03
Maravatío de Ocampo,MX,1644119460,19.9,-100.45,47,52,11.78,1.86
Selvazzano Dentro,IT,1644119461,45.3914,11.8005,1,87,8.21,0.55
Tawao,MY,1644119463,4.2498,117.8871,100,88,26.07,0.89
Batagay,RU,1644119464,67.6333,134.6333,100,97,-36.43,0.41
Gigmoto,PH,1644119466,13.7796,124.39,36,72,27.37,7.07
Mildura,AU,1644119264,-34.2,142.15,40,24,30.6,4.63
Yerofey Pavlovich,RU,1644119468,53.9667,121.9667,26,55,-10.65,1.83
Coquimbo,CL,1644119470,-29.9533,-71.3436,100,88,16.85,1.03
Sampit,ID,1644119471,-2.5333,112.95,95,58,32.01,1.23
George,ZA,1644119473,-33.963,22.4617,100,100,15.75,1.54
Geelong,AU,1644119474,-38.1471,144.3607,38,49,29.0,3.58
Yinchuan,CN,1644119338,38.4681,106.2731,100,25,-4.77,2.89
Ambanja,MG,1644119477,-13.6833,48.45,85,88,23.07,1.28
Hervey Bay,AU,1644119479,-25.2986,152.8535,41,56,27.8,11.25
Letterkenny,IE,1644119212,54.95,-7.7333,99,74,5.25,8.44
Port Blair,IN,1644119482,11.6667,92.75,40,66,30.02,4.12
Søgne,NO,1644119484,58.0833,7.8167,38,77,3.16,8.34
Adrar,MR,1644119485,20.5022,-10.0711,0,8,16.58,3.9
College,US,1644119285,64.8569,-147.8028,100,82,-12.45,2.06
Northam,GB,1644119488,51.0333,-4.2167,100,95,10.57,14.99
Nizhniy Baskunchak,RU,1644119489,48.2198,46.8311,100,86,-7.37,6.41
Nyurba,RU,1644119491,63.2842,118.3319,100,96,-20.06,1.62
Chachapoyas,PE,1644119492,-6.2317,-77.869,100,97,11.59,0.55
Lao Cai,VN,1644119494,22.4833,103.95,100,91,13.65,0.96
Bariloche,AR,1644119495,-41.1456,-71.3082,0,62,12.91,2.06
Havre-St-Pierre,CA,1644119497,50.2334,-63.5986,0,55,-15.67,5.66
Ouésso,CG,1644119498,1.6136,16.0517,98,29,19.12,0.85
Paamiut,GL,1644119500,61.994,-49.6678,100,85,-18.3,3.67
Narsaq,GL,1644119501,60.9167,-46.05,100,70,-19.39,2.64
Rasht,IR,1644119503,37.2808,49.5832,100,100,2.9,2.06
Lábrea,BR,1644119504,-7.2586,-64.7981,99,98,21.32,0.52
Arman',RU,1644119506,59.7,150.1667,25,74,-9.99,4.26
Padang,ID,1644119337,-0.9492,100.3543,100,81,29.03,0.43
Mogadishu,SO,1644119509,2.0371,45.3438,75,78,25.93,4.12
Oxford,GB,1644119510,51.7522,-1.256,100,90,9.95,0.89
Buenos Aires,AR,1644119402,-34.6132,-58.3772,40,83,16.85,3.6
Conde,BR,1644119513,-7.2597,-34.9075,20,83,24.7,2.06
Luoyang,CN,1644119515,34.6836,112.4536,100,38,3.62,1.84
Majene,ID,1644119517,-3.5403,118.9707,28,66,29.89,1.55
Trofors,NO,1644119519,65.5333,13.4063,99,91,0.01,1.94
Savalou,BJ,1644119520,7.9281,1.9756,1,31,23.93,1.38
Lodja,CD,1644119523,-3.4833,23.4333,87,91,19.83,0.87
Ntchisi,MW,1644119524,-13.5278,33.9149,100,97,14.93,1.33
Nelson Bay,AU,1644119526,-32.7167,152.15,73,70,24.86,1.79
Sørland,NO,1644119527,67.667,12.6934,82,66,3.54,7.61
Nola,IT,1644119529,40.922,14.5329,90,85,12.18,1.91
Umluj,SA,1644119530,25.0213,37.2685,0,58,16.36,4.95
Kamloops,CA,1644119532,50.6665,-120.3192,0,82,1.99,0.89
Celestún,MX,1644119481,20.8667,-90.4,81,77,22.07,7.24
Vila Franca do Campo,PT,1644119534,37.7167,-25.4333,78,86,15.66,6.54
Sitka,US,1644119536,57.0531,-135.33,100,81,5.94,10.8
Miranda,CO,1644119538,3.2499,-76.2281,86,91,21.07,1.36
Kalamnūri,IN,1644119540,19.6667,77.3333,87,21,21.46,2.86
Imeni Poliny Osipenko,RU,1644119541,52.4201,136.4853,100,83,-13.23,3.56
Kaoma,ZM,1644119543,-14.7833,24.8,100,99,17.64,1.63
Vostok,RU,1644119545,46.4856,135.8833,100,85,-16.5,2.56
Scarborough,GB,1644119547,54.2797,-0.4044,79,86,7.1,1.34
Ximeicun,CN,1644119550,24.9639,118.3794,100,63,13.86,3.45
Rangkasbitung,ID,1644119551,-6.3591,106.2494,100,92,27.99,2.58
Cao Bang,VN,1644119553,22.6667,106.25,100,93,11.48,1.07
Cairo,EG,1644119554,30.0626,31.2497,40,81,10.68,0.0
İslahiye,TR,1644119556,37.025,36.6306,2,88,1.54,1.35
Burns Lake,CA,1644119557,54.2331,-125.7533,100,96,1.68,1.99
Dukhovnitskoye,RU,1644119558,52.4828,48.2137,100,93,-5.41,3.35
Labuhan,ID,1644119560,-6.8844,112.2051,83,74,28.9,5.37
Madang,PG,1644119562,-5.2246,145.7966,100,59,31.86,4.03
Panguna,PG,1644119563,-6.3164,155.4848,43,65,27.78,1.5
Camacupa,AO,1644119565,-12.0167,17.4833,100,71,16.09,1.71
Lázaro Cárdenas,MX,1644119566,17.9583,-102.2,0,78,22.67,1.8
Chara,RU,1644119568,56.9064,118.2631,2,89,-22.49,0.52
Beyneu,KZ,1644119569,45.3167,55.2,100,82,-1.72,8.92
Matagami,CA,1644119570,49.7502,-77.6328,0,69,-29.94,1.03
Innisfail,AU,1644119572,-17.5333,146.0333,17,81,31.23,3.79
Puri,IN,1644119573,19.8,85.85,36,36,20.29,3.72
Raja,SS,1644119575,8.4596,25.678,100,19,17.97,3.19
Barra do Garças,BR,1644119577,-15.89,-52.2567,100,92,22.84,1.49
Mairi,BR,1644119578,-11.7114,-40.1489,100,87,21.38,2.13
Peleduy,RU,1644119580,59.6289,112.7406,100,93,-10.2,3.18
Fortuna,US,1644119581,40.5982,-124.1573,0,97,7.59,3.09
Muyezerskiy,RU,1644119583,63.9333,31.65,100,93,-7.94,4.3
Riyadh,SA,1644119243,24.6877,46.7219,0,39,8.08,3.7
Erenhot,CN,1644119585,43.6475,111.9767,4,70,-11.23,4.56
Tiarei,PF,1644119389,-17.5333,-149.3333,14,75,30.0,8.94
Tashla,RU,1644119588,51.7716,52.7427,100,97,-6.01,1.49
San Miguel de Tucumán,AR,1644119590,-26.8241,-65.2226,100,88,18.0,2.57
Port Macquarie,AU,1644119309,-31.4333,152.9167,74,88,19.98,4.63
Maragogi,BR,1644119102,-9.0122,-35.2225,81,77,25.07,2.77
Yaan,NG,1644119594,7.3833,8.5667,0,19,23.3,3.02
Karratha,AU,1644119596,-20.7377,116.8463,49,50,34.09,7.32
